{
  "model_name": "model3_ensemble_cnn",
  "backbones": [
    "resnet50",
    "vgg16"
  ],
  "ensemble_method": "majority_voting",
  "ensemble_metrics": {
    "accuracy": 0.8551724137931035,
    "precision": 0.87,
    "recall": 0.9157894736842105,
    "f1": 0.8923076923076924
  },
  "timestamp": "2025-10-27T03:27:09.734292",
  "histories": {
    "resnet50": {
      "train_loss": [
        0.5669976323280694,
        0.5034839721783152,
        0.5005745445782284,
        0.4844671516485934,
        0.48165728927783247,
        0.4751467099729574,
        0.46385483674283295,
        0.46596640595849953,
        0.4560356324292579,
        0.4553820462159391,
        0.4574929760312134,
        0.45125207040669785,
        0.4521430034682436,
        0.4452429597107869,
        0.4477340278198134,
        0.4435368229758065,
        0.44077686990769405,
        0.4388635542032854,
        0.440864810909865,
        0.4424066608806826
      ],
      "train_acc": [
        0.748938679245283,
        0.7994103773584905,
        0.7963443396226415,
        0.8116745283018868,
        0.8137971698113208,
        0.8181603773584906,
        0.8261792452830189,
        0.8232311320754717,
        0.8308962264150943,
        0.8316037735849057,
        0.8337264150943396,
        0.8340801886792453,
        0.835377358490566,
        0.8390330188679245,
        0.841627358490566,
        0.8391509433962264,
        0.8428066037735849,
        0.8446933962264151,
        0.8477594339622642,
        0.8418632075471698
      ],
      "val_loss": [
        0.3664922726154327,
        0.3764788401126862,
        0.34337705810864766,
        0.32767294029394783,
        0.33449467559655505,
        0.3414416017134984,
        0.3665601861476898,
        0.4008647590875626,
        0.36869375030199686,
        0.3460856366157532,
        0.3406576575835546,
        0.32413516481717425,
        0.32543860634167987,
        0.3369974599281947,
        0.327965521812439,
        0.3494325202703476,
        0.3518184272448222,
        0.3630756022532781,
        0.32623817642529807,
        0.3590325685342153
      ],
      "val_acc": [
        0.9,
        0.8875,
        0.925,
        0.9333333333333333,
        0.925,
        0.9291666666666667,
        0.9041666666666667,
        0.9,
        0.9041666666666667,
        0.9041666666666667,
        0.925,
        0.9333333333333333,
        0.9375,
        0.925,
        0.9416666666666667,
        0.925,
        0.8958333333333334,
        0.9,
        0.9416666666666667,
        0.8875
      ],
      "lr": [
        0.0009938503261272714,
        0.0009755527298894295,
        0.0009455577588320899,
        0.0009046039886902865,
        0.0008536998372026806,
        0.0007940987335200905,
        0.0007272682546199038,
        0.0006548539886902865,
        0.0005786390152875956,
        0.0005005000000000002,
        0.000422360984712405,
        0.00034614601130971394,
        0.0002737317453800965,
        0.00020690126647990978,
        0.00014730016279731957,
        9.639601130971382e-05,
        5.54422411679103e-05,
        2.5447270110570818e-05,
        7.149673872728741e-06,
        1e-06
      ]
    },
    "vgg16": {
      "train_loss": [
        0.5910447508659002,
        0.5188750595416662,
        0.5052888627884523,
        0.48819892563909856,
        0.4806784338546249,
        0.4716911351905679,
        0.46331110734422254,
        0.4506745972723331,
        0.4539129689898131,
        0.44426792328650094,
        0.4356178497930743,
        0.4290046412989778,
        0.42196537790433414,
        0.4177194315307545,
        0.405696431702038,
        0.40154424208515094,
        0.4036023753712762,
        0.3990126885051997,
        0.3986353576745627,
        0.3977204316910708
      ],
      "train_acc": [
        0.7307783018867925,
        0.7918632075471698,
        0.7990566037735849,
        0.814504716981132,
        0.8172169811320755,
        0.8244103773584905,
        0.8331367924528302,
        0.8454009433962264,
        0.8398584905660378,
        0.8454009433962264,
        0.8514150943396226,
        0.8543632075471698,
        0.8557783018867925,
        0.8601415094339623,
        0.8711084905660378,
        0.873938679245283,
        0.8699292452830188,
        0.8745283018867924,
        0.872877358490566,
        0.8753537735849056
      ],
      "val_loss": [
        0.38056527654329936,
        0.492067304054896,
        0.6351723778247833,
        0.6021608372529348,
        0.421277876496315,
        0.6217661849657694,
        0.7140178636709849,
        0.5772417259216308,
        0.4807577419281006,
        1.4285914393266042,
        0.9624136360486348,
        1.0961866581439972,
        0.6313539493083954,
        0.9050420486927032,
        0.9167040805021922,
        1.1691106657187145,
        1.3216854858398437,
        1.0141752966245015,
        0.978111279408137,
        1.2013075101375579
      ],
      "val_acc": [
        0.9041666666666667,
        0.8708333333333333,
        0.7333333333333333,
        0.8458333333333333,
        0.9041666666666667,
        0.8708333333333333,
        0.7291666666666666,
        0.8458333333333333,
        0.875,
        0.7291666666666666,
        0.7666666666666667,
        0.7833333333333333,
        0.8375,
        0.8083333333333333,
        0.7875,
        0.7916666666666666,
        0.7833333333333333,
        0.825,
        0.8,
        0.8041666666666667
      ],
      "lr": [
        0.0009938503261272714,
        0.0009755527298894295,
        0.0009455577588320899,
        0.0009046039886902865,
        0.0008536998372026806,
        0.0007940987335200905,
        0.0007272682546199038,
        0.0006548539886902865,
        0.0005786390152875956,
        0.0005005000000000002,
        0.000422360984712405,
        0.00034614601130971394,
        0.0002737317453800965,
        0.00020690126647990978,
        0.00014730016279731957,
        9.639601130971382e-05,
        5.54422411679103e-05,
        2.5447270110570818e-05,
        7.149673872728741e-06,
        1e-06
      ]
    }
  }
}