{
  "train_loss": [
    0.5669976323280694,
    0.5034839721783152,
    0.5005745445782284,
    0.4844671516485934,
    0.48165728927783247,
    0.4751467099729574,
    0.46385483674283295,
    0.46596640595849953,
    0.4560356324292579,
    0.4553820462159391,
    0.4574929760312134,
    0.45125207040669785,
    0.4521430034682436,
    0.4452429597107869,
    0.4477340278198134,
    0.4435368229758065,
    0.44077686990769405,
    0.4388635542032854,
    0.440864810909865,
    0.4424066608806826
  ],
  "train_acc": [
    0.748938679245283,
    0.7994103773584905,
    0.7963443396226415,
    0.8116745283018868,
    0.8137971698113208,
    0.8181603773584906,
    0.8261792452830189,
    0.8232311320754717,
    0.8308962264150943,
    0.8316037735849057,
    0.8337264150943396,
    0.8340801886792453,
    0.835377358490566,
    0.8390330188679245,
    0.841627358490566,
    0.8391509433962264,
    0.8428066037735849,
    0.8446933962264151,
    0.8477594339622642,
    0.8418632075471698
  ],
  "val_loss": [
    0.3664922726154327,
    0.3764788401126862,
    0.34337705810864766,
    0.32767294029394783,
    0.33449467559655505,
    0.3414416017134984,
    0.3665601861476898,
    0.4008647590875626,
    0.36869375030199686,
    0.3460856366157532,
    0.3406576575835546,
    0.32413516481717425,
    0.32543860634167987,
    0.3369974599281947,
    0.327965521812439,
    0.3494325202703476,
    0.3518184272448222,
    0.3630756022532781,
    0.32623817642529807,
    0.3590325685342153
  ],
  "val_acc": [
    0.9,
    0.8875,
    0.925,
    0.9333333333333333,
    0.925,
    0.9291666666666667,
    0.9041666666666667,
    0.9,
    0.9041666666666667,
    0.9041666666666667,
    0.925,
    0.9333333333333333,
    0.9375,
    0.925,
    0.9416666666666667,
    0.925,
    0.8958333333333334,
    0.9,
    0.9416666666666667,
    0.8875
  ],
  "lr": [
    0.0009938503261272714,
    0.0009755527298894295,
    0.0009455577588320899,
    0.0009046039886902865,
    0.0008536998372026806,
    0.0007940987335200905,
    0.0007272682546199038,
    0.0006548539886902865,
    0.0005786390152875956,
    0.0005005000000000002,
    0.000422360984712405,
    0.00034614601130971394,
    0.0002737317453800965,
    0.00020690126647990978,
    0.00014730016279731957,
    9.639601130971382e-05,
    5.54422411679103e-05,
    2.5447270110570818e-05,
    7.149673872728741e-06,
    1e-06
  ]
}