{
  "train_loss": [
    0.4562738076695856,
    0.4308377942948971,
    0.40605748177699325,
    0.37139692705757216,
    0.34228732597153144,
    0.33665106681720264,
    0.31013100352489725,
    0.2990193760901127,
    0.287379645064192,
    0.2747083954934804,
    0.2814002219517276,
    0.25664757411434963,
    0.2557557957352332,
    0.2353851251093284,
    0.22958646772323915,
    0.19434114587756823,
    0.1831044262731975,
    0.18147247055158863,
    0.1826633520986674,
    0.16783067458572815,
    0.16591067262134462,
    0.1720819827731488,
    0.15919966716319323,
    0.13973964021172164,
    0.14178726107303827
  ],
  "train_acc": [
    0.8024764150943396,
    0.815566037735849,
    0.8344339622641509,
    0.8454009433962264,
    0.8576650943396227,
    0.8596698113207547,
    0.8700471698113208,
    0.875,
    0.8832547169811321,
    0.8891509433962265,
    0.8841981132075472,
    0.8994103773584906,
    0.8964622641509434,
    0.906367924528302,
    0.911438679245283,
    0.9244103773584905,
    0.9300707547169811,
    0.9317216981132076,
    0.9275943396226415,
    0.9362028301886792,
    0.937617924528302,
    0.9360849056603774,
    0.9418632075471698,
    0.9476415094339623,
    0.9487028301886793
  ],
  "val_loss": [
    0.35526460856199266,
    0.9999546517431736,
    0.8552932673692704,
    0.6370549869537353,
    0.561224737962087,
    0.39992230117321015,
    0.23112965534130733,
    0.4585084828734398,
    0.2623887875676155,
    0.5763620639840762,
    0.7455696043372154,
    0.26447928508122764,
    0.9373999679088593,
    0.3353161294509967,
    0.29517451266447703,
    0.4482253801822662,
    0.2879419454932213,
    0.5137886260946591,
    0.48747598270575204,
    0.3376128800585866,
    0.5652989619970321,
    0.26377657348910966,
    0.292999957104524,
    0.3898007498060663,
    0.30289968428512415
  ],
  "val_acc": [
    0.8500000000000001,
    0.5166666666666667,
    0.5416666666666667,
    0.6000000000000001,
    0.5875,
    0.7958333333333334,
    0.9333333333333333,
    0.8458333333333334,
    0.8291666666666667,
    0.6958333333333334,
    0.6541666666666667,
    0.8958333333333334,
    0.6125,
    0.8500000000000001,
    0.8833333333333334,
    0.8291666666666667,
    0.9,
    0.8416666666666667,
    0.8208333333333334,
    0.8958333333333334,
    0.8208333333333334,
    0.9208333333333334,
    0.9,
    0.8791666666666668,
    0.9041666666666667
  ]
}