{
  "train_loss": [
    0.5910447508659002,
    0.5188750595416662,
    0.5052888627884523,
    0.48819892563909856,
    0.4806784338546249,
    0.4716911351905679,
    0.46331110734422254,
    0.4506745972723331,
    0.4539129689898131,
    0.44426792328650094,
    0.4356178497930743,
    0.4290046412989778,
    0.42196537790433414,
    0.4177194315307545,
    0.405696431702038,
    0.40154424208515094,
    0.4036023753712762,
    0.3990126885051997,
    0.3986353576745627,
    0.3977204316910708
  ],
  "train_acc": [
    0.7307783018867925,
    0.7918632075471698,
    0.7990566037735849,
    0.814504716981132,
    0.8172169811320755,
    0.8244103773584905,
    0.8331367924528302,
    0.8454009433962264,
    0.8398584905660378,
    0.8454009433962264,
    0.8514150943396226,
    0.8543632075471698,
    0.8557783018867925,
    0.8601415094339623,
    0.8711084905660378,
    0.873938679245283,
    0.8699292452830188,
    0.8745283018867924,
    0.872877358490566,
    0.8753537735849056
  ],
  "val_loss": [
    0.38056527654329936,
    0.492067304054896,
    0.6351723778247833,
    0.6021608372529348,
    0.421277876496315,
    0.6217661849657694,
    0.7140178636709849,
    0.5772417259216308,
    0.4807577419281006,
    1.4285914393266042,
    0.9624136360486348,
    1.0961866581439972,
    0.6313539493083954,
    0.9050420486927032,
    0.9167040805021922,
    1.1691106657187145,
    1.3216854858398437,
    1.0141752966245015,
    0.978111279408137,
    1.2013075101375579
  ],
  "val_acc": [
    0.9041666666666667,
    0.8708333333333333,
    0.7333333333333333,
    0.8458333333333333,
    0.9041666666666667,
    0.8708333333333333,
    0.7291666666666666,
    0.8458333333333333,
    0.875,
    0.7291666666666666,
    0.7666666666666667,
    0.7833333333333333,
    0.8375,
    0.8083333333333333,
    0.7875,
    0.7916666666666666,
    0.7833333333333333,
    0.825,
    0.8,
    0.8041666666666667
  ],
  "lr": [
    0.0009938503261272714,
    0.0009755527298894295,
    0.0009455577588320899,
    0.0009046039886902865,
    0.0008536998372026806,
    0.0007940987335200905,
    0.0007272682546199038,
    0.0006548539886902865,
    0.0005786390152875956,
    0.0005005000000000002,
    0.000422360984712405,
    0.00034614601130971394,
    0.0002737317453800965,
    0.00020690126647990978,
    0.00014730016279731957,
    9.639601130971382e-05,
    5.54422411679103e-05,
    2.5447270110570818e-05,
    7.149673872728741e-06,
    1e-06
  ]
}