accuracy,precision,recall,f1_score,roc_auc
0.725,0.7383177570093458,0.9404761904761905,0.8272251308900523,0.6536871693121694
