{
  "train_loss": [
    0.5669976323280694,
    0.5044607201837144,
    0.49934850751229054,
    0.48485456145596956,
    0.48224163606481735,
    0.47492888384270215,
    0.4681247573978496,
    0.46773006556169044,
    0.4586678463895366,
    0.45687327345587175,
    0.4592860839839252,
    0.45393887606431854,
    0.45319347763961215,
    0.44717141834070095,
    0.44726179742588185,
    0.44394275484220036,
    0.4425923003340667,
    0.4427309073086055,
    0.44218964531736554,
    0.44331762495468247,
    0.40554300245811353,
    0.34419551840368307,
    0.30812070614324427,
    0.2806203345645149,
    0.26095472298703104
  ],
  "train_acc": [
    0.748938679245283,
    0.7985849056603773,
    0.7962264150943397,
    0.8126179245283018,
    0.814622641509434,
    0.8193396226415094,
    0.8257075471698113,
    0.8235849056603773,
    0.8283018867924529,
    0.8319575471698113,
    0.8306603773584905,
    0.8336084905660377,
    0.8356132075471698,
    0.8338443396226415,
    0.8429245283018868,
    0.8379716981132076,
    0.8389150943396226,
    0.8413915094339622,
    0.846816037735849,
    0.839504716981132,
    0.8711084905660378,
    0.9149764150943396,
    0.9386792452830188,
    0.9577830188679245,
    0.9696933962264151
  ],
  "val_loss": [
    0.3664922726154327,
    0.35508568088213605,
    0.3463198705514272,
    0.3293559636672338,
    0.34023898422718046,
    0.34638958831628164,
    0.3548277803262075,
    0.37277656813462573,
    0.3728965979814529,
    0.3800188463926315,
    0.3654287445545197,
    0.3282673450311025,
    0.3431513818105062,
    0.33862319548924763,
    0.3302607736984889,
    0.3581455647945404,
    0.35842495659987134,
    0.4892261697848638,
    0.32567461252212526,
    0.7092378123601277,
    0.4735369159777959,
    0.2977723296483358,
    0.3491559531291326,
    0.301062797109286,
    0.30822642624378205
  ],
  "val_acc": [
    0.9,
    0.8916666666666667,
    0.9166666666666666,
    0.9416666666666667,
    0.9333333333333333,
    0.925,
    0.9125,
    0.925,
    0.9083333333333333,
    0.9208333333333333,
    0.9083333333333333,
    0.95,
    0.9291666666666667,
    0.9291666666666667,
    0.9375,
    0.9166666666666666,
    0.9083333333333333,
    0.9041666666666667,
    0.9291666666666667,
    0.9,
    0.8583333333333333,
    0.9375,
    0.8875,
    0.9416666666666667,
    0.925
  ],
  "lr": [
    0.0009960612933065818,
    0.0009843072889837514,
    0.000964923354701182,
    0.0009382151866819102,
    0.0009046039886902867,
    0.0008646198293969955,
    0.0008188932828794708,
    0.000768145484092009,
    0.0007131767561367541,
    0.0006548539886902865,
    0.0005940969666355698,
    0.0005318638645048923,
    0.0004691361354951082,
    0.00040690303336443076,
    0.0003461460113097141,
    0.00028782324386324637,
    0.00023285451590799116,
    0.00018210671712052954,
    0.0001363801706030051,
    9.639601130971386e-05,
    9.046039886902862e-05,
    6.548539886902863e-05,
    3.461460113097138e-05,
    9.63960113097138e-06,
    1e-07
  ]
}