{
  "train_loss": [
    0.5936956228512638,
    0.5179399327849442,
    0.5079819043852248,
    0.48602047871868564,
    0.48683583758911997,
    0.48004476714808986,
    0.46623443005219944,
    0.4570935719418076,
    0.45440702224677465,
    0.4476443518445177,
    0.43060384699196186,
    0.42815983177356,
    0.4205375752921374,
    0.41745531033232525,
    0.4121612128784072,
    0.4050865320383378,
    0.400562041041986,
    0.3965725494162092,
    0.40078077788622873,
    0.396243749305887,
    0.432560126595902,
    0.3477252839590019,
    0.31730961959879356,
    0.28549015516380094,
    0.2614692115277614
  ],
  "train_acc": [
    0.7341981132075471,
    0.7935141509433963,
    0.7988207547169811,
    0.816627358490566,
    0.8183962264150944,
    0.8186320754716981,
    0.8303066037735849,
    0.8391509433962264,
    0.838561320754717,
    0.8449292452830188,
    0.8533018867924528,
    0.8561320754716981,
    0.8643867924528302,
    0.8616745283018868,
    0.8639150943396227,
    0.8674528301886792,
    0.8744103773584906,
    0.8755896226415094,
    0.8721698113207547,
    0.8766509433962264,
    0.8540094339622641,
    0.9150943396226415,
    0.9362028301886792,
    0.9582547169811321,
    0.9715801886792453
  ],
  "val_loss": [
    0.36003081301848094,
    0.527374438047409,
    0.3645619740088781,
    0.503015691836675,
    0.4587354369958242,
    0.35823643326759336,
    0.4513669268290202,
    0.5282616035143535,
    0.4513741858800252,
    0.4019063804546992,
    0.6471816996733347,
    1.3762860933939616,
    0.8470020524660746,
    2.83858873407046,
    1.0622348737716676,
    2.704933228890101,
    2.0514359354972838,
    2.0993469842274983,
    1.6477659714221955,
    2.98775950829188,
    0.3239638525247574,
    0.32503424485524496,
    0.26867987314860026,
    0.3695307735602061,
    0.28417249699433644
  ],
  "val_acc": [
    0.9166666666666666,
    0.8166666666666667,
    0.9125,
    0.8875,
    0.8583333333333333,
    0.9458333333333333,
    0.8875,
    0.85,
    0.9166666666666666,
    0.9166666666666666,
    0.8666666666666667,
    0.8166666666666667,
    0.8,
    0.75,
    0.8583333333333333,
    0.7625,
    0.7708333333333334,
    0.8041666666666667,
    0.7958333333333333,
    0.7458333333333333,
    0.9458333333333333,
    0.9333333333333333,
    0.9625,
    0.8916666666666667,
    0.9583333333333334
  ],
  "lr": [
    0.0009960612933065818,
    0.0009843072889837514,
    0.000964923354701182,
    0.0009382151866819102,
    0.0009046039886902867,
    0.0008646198293969955,
    0.0008188932828794708,
    0.000768145484092009,
    0.0007131767561367541,
    0.0006548539886902865,
    0.0005940969666355698,
    0.0005318638645048923,
    0.0004691361354951082,
    0.00040690303336443076,
    0.0003461460113097141,
    0.00028782324386324637,
    0.00023285451590799116,
    0.00018210671712052954,
    0.0001363801706030051,
    9.639601130971386e-05,
    9.046039886902862e-05,
    6.548539886902863e-05,
    3.461460113097138e-05,
    9.63960113097138e-06,
    1e-07
  ]
}