{
  "0": {
    "precision": 0.7854984894259819,
    "recall": 0.931899641577061,
    "f1-score": 0.8524590163934426,
    "support": 1395.0
  },
  "1": {
    "precision": 0.9683333333333334,
    "recall": 0.8911042944785276,
    "f1-score": 0.9281150159744409,
    "support": 3260.0
  },
  "accuracy": 0.9033297529538131,
  "macro avg": {
    "precision": 0.8769159113796576,
    "recall": 0.9115019680277943,
    "f1-score": 0.8902870161839418,
    "support": 4655.0
  },
  "weighted avg": {
    "precision": 0.913541795792892,
    "recall": 0.9033297529538131,
    "f1-score": 0.9054425950473748,
    "support": 4655.0
  }
}