{
  "accuracy": 0.7793103448275862,
  "precision": 0.7739130434782608,
  "recall": 0.9368421052631579,
  "f1": 0.8476190476190476,
  "auc": 0.9094736842105262
}