{
  "model_1": {
    "accuracy": 0.884193,
    "precision": 0.968333,
    "recall": 0.891104,
    "f1": 0.928113,
    "auc": null
  },
  "model_2": {
    "accuracy": 0.5310344827586206,
    "precision": 0.6261682242990654,
    "recall": 0.7052631578947368,
    "f1": 0.6633663366336634,
    "auc": 0.4266947368421053
  },
  "model_3": {
    "accuracy": 0.9448275862068966,
    "precision": 0.9484536082474226,
    "recall": 0.968421052631579,
    "f1": 0.9583333333333334,
    "auc": 0.5052631578947369
  },
  "model_4": {
    "accuracy": 0.8413793103448276,
    "precision": 0.8529411764705882,
    "recall": 0.9157894736842105,
    "f1": 0.883248730964467,
    "auc": 0.9370526315789474
  },
  "model_5": {
    "accuracy": 0.725,
    "precision": 0.7383177570093458,
    "recall": 0.9404761904761904,
    "f1": 0.8272251308900523,
    "auc": 0.7932631578947369
  }
}
